Workbook

Sheet Raw Data
A1: Year | B1: CO2 (metric tons per capita) | C1: GDP (USD Billion) | D1: Renewable Energy (%) | E1: HCE (%) | F1: Unemployment (%)
A2: 2000 | B2: 0.941 | C2: 801 | D2: 46.9 | E2: 63.74 | F2: 7.624
A3: 2001 | B3: 0.939 | C3: 839 | D3: 47.1 | E3: 64.15 | F3: 7.653
A4: 2002 | B4: 0.957 | C4: 871 | D4: 45.8 | E4: 63.03 | F4: 7.753
A5: 2003 | B5: 0.969 | C5: 940 | D5: 45.6 | E5: 61.5 | F5: 7.68
A6: 2004 | B6: 1.027 | C6: 1010 | D6: 44.9 | E6: 58.35 | F6: 7.625
A7: 2005 | B7: 1.054 | C7: 1090 | D7: 44.2 | E7: 57.38 | F7: 7.552
A8: 2006 | B8: 1.107 | C8: 1180 | D8: 43.2 | E8: 56.11 | F8: 7.552
A9: 2007 | B9: 1.187 | C9: 1270 | D9: 41.5 | E9: 55.76 | F9: 7.561
A10: 2008 | B10: 1.245 | C10: 1310 | D10: 39.4 | E10: 56.68 | F10: 7.656
A11: 2009 | B11: 1.341 | C11: 1420 | D11: 37.4 | E11: 55.96 | F11: 7.664
A12: 2010 | B12: 1.402 | C12: 1540 | D12: 36.2 | E12: 54.72 | F12: 7.652
A13: 2011 | B13: 1.467 | C13: 1620 | D13: 35 | E13: 56.21 | F13: 7.616
... A27: 2025 | B27: 2.18 | C27: 3870 | D27: 40.1 | E27: 59.9 | F27: 3.98

Sheet Calculated Columns
A1: Year | B1: CO2 | C1: GDP (B) | D1: RENE (%) | E1: HCE (%) | F1: UN (%) | G1: CO2 YoY % | H1: GDP YoY % | I1: CO2 Index (2000=100) | J1: GDP Index (2000=100) | K1: RENE Index | L1: HCE Index | M1: UN Index | N1: Fitted CO2
A2: 2000 | B2: 0.941 | C2: 801 | D2: 46.9 | E2: 63.74 | F2: 7.624 | G2: — | H2: — | I2: =B2/B2*100 | J2: =C2/C2*100 | K2: =D2/D2*100 | L2: =E2/E2*100 | M2: =F2/F2*100 | N2: 0.961
A3: 2001 | B3: 0.939 | C3: 839 | D3: 47.1 | E3: 64.15 | F3: 7.653 | G3: =(B3-B2)/B2 | H3: =(C3-C2)/C2 | I3: =B3/B2*100 | J3: =C3/C2*100 | K3: =D3/D2*100 | L3: =E3/E2*100 | M3: =F3/F2*100 | N3: 0.952
A4: 2002 | B4: 0.957 | C4: 871 | D4: 45.8 | E4: 63.03 | F4: 7.753 | G4: =(B4-B3)/B3 | H4: =(C4-C3)/C3 | I4: =B4/B2*100 | J4: =C4/C2*100 | K4: =D4/D2*100 | L4: =E4/E2*100 | M4: =F4/F2*100 | N4: 0.953
A5: 2003 | B5: 0.969 | C5: 940 | D5: 45.6 | E5: 61.5 | F5: 7.68 | G5: =(B5-B4)/B4 | H5: =(C5-C4)/C4 | I5: =B5/B2*100 | J5: =C5/C2*100 | K5: =D5/D2*100 | L5: =E5/E2*100 | M5: =F5/F2*100 | N5: 0.977
A6: 2004 | B6: 1.027 | C6: 1010 | D6: 44.9 | E6: 58.35 | F6: 7.625 | G6: =(B6-B5)/B5 | H6: =(C6-C5)/C5 | I6: =B6/B2*100 | J6: =C6/C2*100 | K6: =D6/D2*100 | L6: =E6/E2*100 | M6: =F6/F2*100 | N6: 1.018
A7: 2005 | B7: 1.054 | C7: 1090 | D7: 44.2 | E7: 57.38 | F7: 7.552 | G7: =(B7-B6)/B6 | H7: =(C7-C6)/C6 | I7: =B7/B2*100 | J7: =C7/C2*100 | K7: =D7/D2*100 | L7: =E7/E2*100 | M7: =F7/F2*100 | N7: 1.061
A8: 2006 | B8: 1.107 | C8: 1180 | D8: 43.2 | E8: 56.11 | F8: 7.552 | G8: =(B8-B7)/B7 | H8: =(C8-C7)/C7 | I8: =B8/B2*100 | J8: =C8/C2*100 | K8: =D8/D2*100 | L8: =E8/E2*100 | M8: =F8/F2*100 | N8: 1.104
A9: 2007 | B9: 1.187 | C9: 1270 | D9: 41.5 | E9: 55.76 | F9: 7.561 | G9: =(B9-B8)/B8 | H9: =(C9-C8)/C8 | I9: =B9/B2*100 | J9: =C9/C2*100 | K9: =D9/D2*100 | L9: =E9/E2*100 | M9: =F9/F2*100 | N9: 1.178
A10: 2008 | B10: 1.245 | C10: 1310 | D10: 39.4 | E10: 56.68 | F10: 7.656 | G10: =(B10-B9)/B9 | H10: =(C10-C9)/C9 | I10: =B10/B2*100 | J10: =C10/C2*100 | K10: =D10/D2*100 | L10: =E10/E2*100 | M10: =F10/F2*100 | N10: 1.231
A11: 2009 | B11: 1.341 | C11: 1420 | D11: 37.4 | E11: 55.96 | F11: 7.664 | G11: =(B11-B10)/B10 | H11: =(C11-C10)/C10 | I11: =B11/B2*100 | J11: =C11/C2*100 | K11: =D11/D2*100 | L11: =E11/E2*100 | M11: =F11/F2*100 | N11: 1.328
A12: 2010 | B12: 1.402 | C12: 1540 | D12: 36.2 | E12: 54.72 | F12: 7.652 | G12: =(B12-B11)/B11 | H12: =(C12-C11)/C11 | I12: =B12/B2*100 | J12: =C12/C2*100 | K12: =D12/D2*100 | L12: =E12/E2*100 | M12: =F12/F2*100 | N12: 1.419
A13: 2011 | B13: 1.467 | C13: 1620 | D13: 35 | E13: 56.21 | F13: 7.616 | G13: =(B13-B12)/B12 | H13: =(C13-C12)/C12 | I13: =B13/B2*100 | J13: =C13/C2*100 | K13: =D13/D2*100 | L13: =E13/E2*100 | M13: =F13/F2*100 | N13: 1.484
A14: 2012 | B14: 1.582 | C14: 1700 | D14: 34.8 | E14: 56.46 | F14: 7.666 | G14: =(B14-B13)/B13 | H14: =(C14-C13)/C13 | I14: =B14/B2*100 | J14: =C14/C2*100 | K14: =D14/D2*100 | L14: =E14/E2*100 | M14: =F14/F2*100 | N14: 1.566
A15: 2013 | B15: 1.608 | C15: 1810 | D15: 34.9 | E15: 57.65 | F15: 7.711 | G15: =(B15-B14)/B14 | H15: =(C15-C14)/C14 | I15: =B15/B2*100 | J15: =C15/C2*100 | K15: =D15/D2*100 | L15: =E15/E2*100 | M15: =F15/F2*100 | N15: 1.598
A16: 2014 | B16: 1.709 | C16: 1950 | D16: 33.9 | E16: 58.13 | F16: 7.674 | G16: =(B16-B15)/B15 | H16: =(C16-C15)/C15 | I16: =B16/B2*100 | J16: =C16/C2*100 | K16: =D16/D2*100 | L16: =E16/E2*100 | M16: =F16/F2*100 | N16: 1.705
A17: 2015 | B17: 1.702 | C17: 2100 | D17: 33.4 | E17: 59.01 | F17: 7.631 | G17: =(B17-B16)/B16 | H17: =(C17-C16)/C16 | I17: =B17/B2*100 | J17: =C17/C2*100 | K17: =D17/D2*100 | L17: =E17/E2*100 | M17: =F17/F2*100 | N17: 1.715
A18: 2016 | B18: 1.714 | C18: 2280 | D18: 33 | E18: 59.3 | F18: 7.601 | G18: =(B18-B17)/B17 | H18: =(C18-C17)/C17 | I18: =B18/B2*100 | J18: =C18/C2*100 | K18: =D18/D2*100 | L18: =E18/E2*100 | M18: =F18/F2*100 | N18: 1.72
A19: 2017 | B19: 1.79 | C19: 2430 | D19: 32.5 | E19: 58.73 | F19: 7.618 | G19: =(B19-B18)/B18 | H19: =(C19-C18)/C18 | I19: =B19/B2*100 | J19: =C19/C2*100 | K19: =D19/D2*100 | L19: =E19/E2*100 | M19: =F19/F2*100 | N19: 1.785
A20: 2018 | B20: 1.872 | C20: 2590 | D20: 32.9 | E20: 59.29 | F20: 7.652 | G20: =(B20-B19)/B19 | H20: =(C20-C19)/C19 | I20: =B20/B2*100 | J20: =C20/C2*100 | K20: =D20/D2*100 | L20: =E20/E2*100 | M20: =F20/F2*100 | N20: 1.868
A21: 2019 | B21: 1.83 | C21: 2690 | D21: 33.5 | E21: 60.91 | F21: 6.51 | G21: =(B21-B20)/B20 | H21: =(C21-C20)/C20 | I21: =B21/B2*100 | J21: =C21/C2*100 | K21: =D21/D2*100 | L21: =E21/E2*100 | M21: =F21/F2*100 | N21: 1.847
A22: 2020 | B22: 1.653 | C22: 2530 | D22: 36.1 | E22: 61.1 | F22: 7.859 | G22: =(B22-B21)/B21 | H22: =(C22-C21)/C21 | I22: =B22/B2*100 | J22: =C22/C2*100 | K22: =D22/D2*100 | L22: =E22/E2*100 | M22: =F22/F2*100 | N22: 1.64
A23: 2021 | B23: 1.802 | C23: 2780 | D23: 34.9 | E23: 60.95 | F23: 6.38 | G23: =(B23-B22)/B22 | H23: =(C23-C22)/C22 | I23: =B23/B2*100 | J23: =C23/C2*100 | K23: =D23/D2*100 | L23: =E23/E2*100 | M23: =F23/F2*100 | N23: 1.799
A24: 2022 | B24: 1.923 | C24: 2970 | D24: 38.5 | E24: 60.94 | F24: 4.822 | G24: =(B24-B23)/B23 | H24: =(C24-C23)/C23 | I24: =B24/B2*100 | J24: =C24/C2*100 | K24: =D24/D2*100 | L24: =E24/E2*100 | M24: =F24/F2*100 | N24: 1.929
A25: 2023 | B25: 2.055 | C25: 3220 | D25: 38.1 | E25: 60.34 | F25: 4.172 | G25: =(B25-B24)/B24 | H25: =(C25-C24)/C24 | I25: =B25/B2*100 | J25: =C25/C2*100 | K25: =D25/D2*100 | L25: =E25/E2*100 | M25: =F25/F2*100 | N25: 2.047
A26: 2024 | B26: 2.12 | C26: 3570 | D26: 39.2 | E26: 60.1 | F26: 4.05 | G26: =(B26-B25)/B25 | H26: =(C26-C25)/C25 | I26: =B26/B2*100 | J26: =C26/C2*100 | K26: =D26/D2*100 | L26: =E26/E2*100 | M26: =F26/F2*100 | N26: 2.11
A27: 2025 | B27: 2.18 | C27: 3870 | D27: 40.1 | E27: 59.9 | F27: 3.98 | G27: =(B27-B26)/B26 | H27: =(C27-C26)/C26 | I27: =B27/B2*100 | J27: =C27/C2*100 | K27: =D27/D2*100 | L27: =E27/E2*100 | M27: =F27/F2*100 | N27: 2.19

Sheet Regression Results
A1: Econometrics — OLS Regression Results
A2: Dependent Variable: CO₂ Emissions
A3: Model Fit Statistics
A4: Metric | B4: Value
A5: R-squared | B5: 0.9898
A6: Adjusted R-squared | B6: 0.9878
A7: F-statistic | B7: 508.0198
A8: Prob (F-statistic) | B8: 0.0000
A9: Durbin-Watson | B9: 1.274
A10: Std. Error of Regression | B10: 0.04363
A11: Observations | B11: 26
A12: AIC | B12: -70.85
A13: Schwarz Criterion | B13: -68.65
A15: Coefficient Estimates
A16: Variable | B16: Coefficient | C16: Std. Error | D16: t-Statistic | E16: p-value | F16: Significance
A17: C (Constant) | B17: 2.654181 | C17: 0.2611 | D17: 10.163 | E17: 0.0000 | F17: ***
A18: GDP | B18: 2.49E-13 | C18: 3.15E-14 | D18: 7.905 | E18: 0.0000 | F18: ***
A19: HCE | B19: 0.002579 | C19: 0.004365 | D19: 0.591 | E19: 0.5610 | F19: ns
A20: RENE | B20: -0.033491 | C20: 0.003843 | D20: -8.716 | E20: 0.0000 | F20: ***
A21: UN | B21: -0.069693 | C21: 0.020855 | D21: -3.342 | E21: 0.0037 | F21: **
A23: *** p<0.01 ** p<0.05 * p<0.10 ns = not significant

Sheet Granger Causality
A1: Granger Causality Test Results
A2: F-statistics with p-values in parentheses. Row = Dependent Variable, Column = Causal Variable.
A3: DV \ Cause | B3: CO2 | C3: GDP | D3: HCE | E3: RENE | F3: UN
A4: CO2 | B4: — | C4: 1.15 (0.338) | D4: 0.50 (0.615) | E4: 0.35 (0.710) | F4: 1.37 (0.278)
A5: GDP | B5: — | C5: — | D5: 1.61 (0.225) | E5: 0.83 (0.452) | F5: 4.93** (0.019)
A6: HCE | B6: — | C6: 2.71* (0.092) | D6: — | E6: 4.20** (0.031) | F6: 0.20 (0.818)
A7: RENE | B7: — | C7: 5.24** (0.015) | D7: 6.72*** (0.006) | E7: — | F7: 7.40*** (0.004)
A8: UN | B8: — | C8: 1.54 (0.241) | D8: 0.45 (0.645) | E8: 0.94 (0.407) | F8: —
A10: *** sig. at 1% ** sig. at 5% * sig. at 10%
A12: Key Findings
A13: RENE → GDP (F=5.24, p=0.015): Renewable energy Granger-causes economic growth.
A14: RENE → HCE (F=6.72, p=0.006): Renewable energy Granger-causes household consumption.
A15: RENE → UN (F=7.40, p=0.004): Renewable energy Granger-causes unemployment (job creation).
A16: HCE → RENE (F=4.20, p=0.031): Consumption demand Granger-causes renewable energy adoption.
A17: UN → GDP (F=4.93, p=0.019): Unemployment Granger-causes GDP — labor markets matter.
A18: CO₂ does not Granger-cause any variable — emissions are an outcome, not a driver.

Sheet Descriptive Statistics
A1: Descriptive Statistics — Econometrics Study (2000–2025)
A2: Variable | B2: Mean | C2: Median | D2: Min | E2: Max | F2: Std Dev | G2: Observations
A3: CO2 (metric tons) | B3: =AVERAGE('Raw Data'!B2:B27) | C3: =MEDIAN('Raw Data'!B2:B27) | D3: =MIN('Raw Data'!B2:B27) | E3: =MAX('Raw Data'!B2:B27) | F3: =STDEV('Raw Data'!B2:B27) | G3: =COUNT('Raw Data'!B2:B27)
A4: GDP (USD Billion) | B4: =AVERAGE('Raw Data'!C2:C27) | C4: =MEDIAN('Raw Data'!C2:C27) | D4: =MIN('Raw Data'!C2:C27) | E4: =MAX('Raw Data'!C2:C27) | F4: =STDEV('Raw Data'!C2:C27) | G4: =COUNT('Raw Data'!C2:C27)
A5: Renewable Energy (%) | B5: =AVERAGE('Raw Data'!D2:D27) | C5: =MEDIAN('Raw Data'!D2:D27) | D5: =MIN('Raw Data'!D2:D27) | E5: =MAX('Raw Data'!D2:D27) | F5: =STDEV('Raw Data'!D2:D27) | G5: =COUNT('Raw Data'!D2:D27)
A6: HCE (%) | B6: =AVERAGE('Raw Data'!E2:E27) | C6: =MEDIAN('Raw Data'!E2:E27) | D6: =MIN('Raw Data'!E2:E27) | E6: =MAX('Raw Data'!E2:E27) | F6: =STDEV('Raw Data'!E2:E27) | G6: =COUNT('Raw Data'!E2:E27)
A7: Unemployment (%) | B7: =AVERAGE('Raw Data'!F2:F27) | C7: =MEDIAN('Raw Data'!F2:F27) | D7: =MIN('Raw Data'!F2:F27) | E7: =MAX('Raw Data'!F2:F27) | F7: =STDEV('Raw Data'!F2:F27) | G7: =COUNT('Raw Data'!F2:F27)

Sheet Power BI Import Guide
A1: How to Import This File into Power BI Desktop
A2: STEP 1 — Open Power BI Desktop | B2: Download free from: microsoft.com/en-us/power-bi/desktop
A3: STEP 2 — Import data | B3: Home tab → Get Data → Excel Workbook → select this file → load sheets: Raw Data + Calculated Columns
A4: STEP 3 — Build KPI Cards | B4: Insert → Card visual → drag CO2, GDP, RENE, HCE, UN fields one per card
A5: STEP 4 — CO2 vs GDP Chart | B5: Insert → Line and Clustered Column Chart → X-axis: Year, Line: CO2, Column: GDP
A6: STEP 5 — Renewable Energy Trend | B6: Insert → Area Chart → X-axis: Year, Values: RENE (%)
A7: STEP 6 — Normalised Index Chart | B7: Insert → Line Chart → X-axis: Year, Values: all 5 Index columns from Calculated Columns
A8: STEP 7 — Scatter Plot | B8: Insert → Scatter Chart → X: RENE (%), Y: CO2, Values: Year
A9: STEP 8 — GDP YoY Bar Chart | B9: Insert → Clustered Bar → X-axis: Year, Values: GDP YoY % (from Calculated Columns)
A10: STEP 9 — Regression Table | B10: Insert → Table visual → add all columns from Regression Results sheet manually
A11: STEP 10 — Dark Theme | B11: View tab → Themes → Dark (or choose a custom dark theme)
A12: STEP 11 — Year Slicer | B12: Insert → Slicer → Field: Year → set to range slider style
A13: STEP 12 — Save as .pbix | B13: File → Save As → name it Econometrics_Dashboard.pbix
